customer_sk,customer_id,loyalty_tier,home_store_id,email_domain,effective_start_date,effective_end_date,is_current,dbt_loaded_at
1,CUST-000001,bronze,STORE-15,example.com,2026-07-20,,true,2026-07-24 19:30:12.63567+07
2,CUST-000002,bronze,STORE-05,example.com,2026-07-20,,true,2026-07-24 19:30:12.63567+07
3,CUST-000003,silver,STORE-11,example.com,2026-07-20,2026-07-23,false,2026-07-24 19:30:12.63567+07
4,CUST-000003,silver,STORE-05,example.com,2026-07-24,,true,2026-07-24 19:30:12.63567+07
5,CUST-000004,bronze,STORE-11,example.com,2026-07-20,,true,2026-07-24 19:30:12.63567+07
6,CUST-000005,bronze,STORE-01,example.com,2026-07-20,,true,2026-07-24 19:30:12.63567+07
7,CUST-000006,silver,STORE-05,example.com,2026-07-20,,true,2026-07-24 19:30:12.63567+07
8,CUST-000007,gold,STORE-08,example.com,2026-07-20,,true,2026-07-24 19:30:12.63567+07
9,CUST-000008,bronze,STORE-11,example.com,2026-07-20,,true,2026-07-24 19:30:12.63567+07
10,CUST-000009,bronze,STORE-09,example.com,2026-07-20,,true,2026-07-24 19:30:12.63567+07
11,CUST-000010,silver,STORE-01,example.com,2026-07-20,,true,2026-07-24 19:30:12.63567+07
12,CUST-000011,bronze,STORE-10,example.com,2026-07-20,,true,2026-07-24 19:30:12.63567+07
13,CUST-000012,bronze,STORE-01,example.com,2026-07-20,,true,2026-07-24 19:30:12.63567+07
14,CUST-000013,bronze,STORE-09,example.com,2026-07-20,,true,2026-07-24 19:30:12.63567+07
15,CUST-000014,silver,STORE-06,example.com,2026-07-20,,true,2026-07-24 19:30:12.63567+07
16,CUST-000015,gold,STORE-10,example.com,2026-07-20,,true,2026-07-24 19:30:12.63567+07
17,CUST-000016,bronze,STORE-09,example.com,2026-07-20,,true,2026-07-24 19:30:12.63567+07
18,CUST-000017,silver,STORE-01,example.com,2026-07-20,,true,2026-07-24 19:30:12.63567+07
19,CUST-000018,silver,STORE-11,example.com,2026-07-20,,true,2026-07-24 19:30:12.63567+07
20,CUST-000019,silver,STORE-12,example.com,2026-07-20,,true,2026-07-24 19:30:12.63567+07
21,CUST-000020,silver,STORE-11,example.com,2026-07-20,,true,2026-07-24 19:30:12.63567+07
22,CUST-000021,silver,STORE-03,example.com,2026-07-20,,true,2026-07-24 19:30:12.63567+07
23,CUST-000022,gold,STORE-15,example.com,2026-07-20,2026-07-21,false,2026-07-24 19:30:12.63567+07
24,CUST-000022,platinum,STORE-15,example.com,2026-07-22,2026-07-23,false,2026-07-24 19:30:12.63567+07
25,CUST-000022,gold,STORE-15,example.com,2026-07-24,,true,2026-07-24 19:30:12.63567+07
26,CUST-000023,bronze,STORE-05,example.com,2026-07-20,,true,2026-07-24 19:30:12.63567+07
27,CUST-000024,bronze,STORE-03,example.com,2026-07-20,,true,2026-07-24 19:30:12.63567+07
28,CUST-000025,bronze,STORE-03,example.com,2026-07-20,,true,2026-07-24 19:30:12.63567+07
29,CUST-000026,bronze,STORE-04,example.com,2026-07-20,,true,2026-07-24 19:30:12.63567+07
30,CUST-000027,gold,STORE-12,example.com,2026-07-20,,true,2026-07-24 19:30:12.63567+07
31,CUST-000028,bronze,STORE-11,example.com,2026-07-20,,true,2026-07-24 19:30:12.63567+07
32,CUST-000029,bronze,STORE-07,example.com,2026-07-20,,true,2026-07-24 19:30:12.63567+07
33,CUST-000030,bronze,STORE-01,example.com,2026-07-20,2026-07-23,false,2026-07-24 19:30:12.63567+07
34,CUST-000030,silver,STORE-01,example.com,2026-07-24,,true,2026-07-24 19:30:12.63567+07
35,CUST-000031,silver,STORE-07,example.com,2026-07-20,,true,2026-07-24 19:30:12.63567+07
36,CUST-000032,silver,STORE-02,example.com,2026-07-20,,true,2026-07-24 19:30:12.63567+07
37,CUST-000033,gold,STORE-07,example.com,2026-07-20,,true,2026-07-24 19:30:12.63567+07
38,CUST-000034,bronze,STORE-09,example.com,2026-07-20,2026-07-21,false,2026-07-24 19:30:12.63567+07
39,CUST-000034,bronze,STORE-11,example.com,2026-07-22,,true,2026-07-24 19:30:12.63567+07
40,CUST-000035,silver,STORE-11,example.com,2026-07-20,,true,2026-07-24 19:30:12.63567+07
41,CUST-000036,gold,STORE-10,example.com,2026-07-20,,true,2026-07-24 19:30:12.63567+07
42,CUST-000037,bronze,STORE-04,example.com,2026-07-20,,true,2026-07-24 19:30:12.63567+07
43,CUST-000038,gold,STORE-08,example.com,2026-07-20,,true,2026-07-24 19:30:12.63567+07
44,CUST-000039,silver,STORE-06,example.com,2026-07-20,,true,2026-07-24 19:30:12.63567+07
45,CUST-000040,silver,STORE-04,example.com,2026-07-20,,true,2026-07-24 19:30:12.63567+07
46,CUST-000041,platinum,STORE-01,example.com,2026-07-20,,true,2026-07-24 19:30:12.63567+07
47,CUST-000042,bronze,STORE-08,example.com,2026-07-20,,true,2026-07-24 19:30:12.63567+07
48,CUST-000043,bronze,STORE-12,example.com,2026-07-20,,true,2026-07-24 19:30:12.63567+07
49,CUST-000044,bronze,STORE-08,example.com,2026-07-20,,true,2026-07-24 19:30:12.63567+07
50,CUST-000045,bronze,STORE-14,example.com,2026-07-20,,true,2026-07-24 19:30:12.63567+07
51,CUST-000046,bronze,STORE-13,example.com,2026-07-20,,true,2026-07-24 19:30:12.63567+07
52,CUST-000047,silver,STORE-10,example.com,2026-07-20,2026-07-21,false,2026-07-24 19:30:12.63567+07
53,CUST-000047,gold,STORE-10,example.com,2026-07-22,2026-07-23,false,2026-07-24 19:30:12.63567+07
54,CUST-000047,silver,STORE-10,example.com,2026-07-24,,true,2026-07-24 19:30:12.63567+07
55,CUST-000048,platinum,STORE-03,example.com,2026-07-20,2026-07-21,false,2026-07-24 19:30:12.63567+07
56,CUST-000048,gold,STORE-03,example.com,2026-07-22,,true,2026-07-24 19:30:12.63567+07
57,CUST-000049,bronze,STORE-12,example.com,2026-07-20,,true,2026-07-24 19:30:12.63567+07
58,CUST-000050,silver,STORE-15,example.com,2026-07-20,,true,2026-07-24 19:30:12.63567+07
59,CUST-000051,platinum,STORE-13,example.com,2026-07-20,,true,2026-07-24 19:30:12.63567+07
60,CUST-000052,bronze,STORE-09,example.com,2026-07-20,2026-07-23,false,2026-07-24 19:30:12.63567+07
61,CUST-000052,bronze,STORE-06,example.com,2026-07-24,,true,2026-07-24 19:30:12.63567+07
62,CUST-000053,bronze,STORE-10,example.com,2026-07-20,,true,2026-07-24 19:30:12.63567+07
63,CUST-000054,gold,STORE-01,example.com,2026-07-20,,true,2026-07-24 19:30:12.63567+07
64,CUST-000055,bronze,STORE-07,example.com,2026-07-20,,true,2026-07-24 19:30:12.63567+07
65,CUST-000056,silver,STORE-10,example.com,2026-07-20,,true,2026-07-24 19:30:12.63567+07
66,CUST-000057,bronze,STORE-08,example.com,2026-07-20,,true,2026-07-24 19:30:12.63567+07
67,CUST-000058,bronze,STORE-02,example.com,2026-07-20,,true,2026-07-24 19:30:12.63567+07
68,CUST-000059,bronze,STORE-06,example.com,2026-07-20,,true,2026-07-24 19:30:12.63567+07
69,CUST-000060,bronze,STORE-14,example.com,2026-07-20,,true,2026-07-24 19:30:12.63567+07
70,CUST-000061,bronze,STORE-08,example.com,2026-07-20,,true,2026-07-24 19:30:12.63567+07
71,CUST-000062,bronze,STORE-12,example.com,2026-07-20,,true,2026-07-24 19:30:12.63567+07
72,CUST-000063,bronze,STORE-05,example.com,2026-07-20,,true,2026-07-24 19:30:12.63567+07
73,CUST-000064,bronze,STORE-11,example.com,2026-07-20,,true,2026-07-24 19:30:12.63567+07
74,CUST-000065,gold,STORE-05,example.com,2026-07-20,,true,2026-07-24 19:30:12.63567+07
75,CUST-000066,bronze,STORE-06,example.com,2026-07-20,,true,2026-07-24 19:30:12.63567+07
76,CUST-000067,bronze,STORE-14,example.com,2026-07-20,,true,2026-07-24 19:30:12.63567+07
77,CUST-000068,platinum,STORE-10,example.com,2026-07-20,,true,2026-07-24 19:30:12.63567+07
78,CUST-000069,silver,STORE-03,example.com,2026-07-20,2026-07-23,false,2026-07-24 19:30:12.63567+07
79,CUST-000069,silver,STORE-02,example.com,2026-07-24,,true,2026-07-24 19:30:12.63567+07
80,CUST-000070,silver,STORE-03,example.com,2026-07-20,,true,2026-07-24 19:30:12.63567+07
81,CUST-000071,silver,STORE-07,example.com,2026-07-20,2026-07-23,false,2026-07-24 19:30:12.63567+07
82,CUST-000071,silver,STORE-10,example.com,2026-07-24,,true,2026-07-24 19:30:12.63567+07
83,CUST-000072,gold,STORE-14,example.com,2026-07-20,,true,2026-07-24 19:30:12.63567+07
84,CUST-000073,bronze,STORE-08,example.com,2026-07-20,,true,2026-07-24 19:30:12.63567+07
85,CUST-000074,silver,STORE-04,example.com,2026-07-20,,true,2026-07-24 19:30:12.63567+07
86,CUST-000075,bronze,STORE-15,example.com,2026-07-20,,true,2026-07-24 19:30:12.63567+07
87,CUST-000076,silver,STORE-04,example.com,2026-07-20,,true,2026-07-24 19:30:12.63567+07
88,CUST-000077,silver,STORE-14,example.com,2026-07-20,,true,2026-07-24 19:30:12.63567+07
89,CUST-000078,bronze,STORE-02,example.com,2026-07-20,,true,2026-07-24 19:30:12.63567+07
90,CUST-000079,gold,STORE-15,example.com,2026-07-20,,true,2026-07-24 19:30:12.63567+07
91,CUST-000080,silver,STORE-10,example.com,2026-07-20,,true,2026-07-24 19:30:12.63567+07
92,CUST-000081,bronze,STORE-05,example.com,2026-07-20,,true,2026-07-24 19:30:12.63567+07
93,CUST-000082,silver,STORE-03,example.com,2026-07-20,,true,2026-07-24 19:30:12.63567+07
94,CUST-000083,bronze,STORE-14,example.com,2026-07-20,,true,2026-07-24 19:30:12.63567+07
95,CUST-000084,platinum,STORE-08,example.com,2026-07-20,,true,2026-07-24 19:30:12.63567+07
96,CUST-000085,bronze,STORE-15,example.com,2026-07-20,,true,2026-07-24 19:30:12.63567+07
97,CUST-000086,bronze,STORE-04,example.com,2026-07-20,2026-07-21,false,2026-07-24 19:30:12.63567+07
98,CUST-000086,silver,STORE-04,example.com,2026-07-22,2026-07-23,false,2026-07-24 19:30:12.63567+07
99,CUST-000086,bronze,STORE-04,example.com,2026-07-24,,true,2026-07-24 19:30:12.63567+07
100,CUST-000087,gold,STORE-15,example.com,2026-07-20,,true,2026-07-24 19:30:12.63567+07
101,CUST-000088,silver,STORE-09,example.com,2026-07-20,,true,2026-07-24 19:30:12.63567+07
102,CUST-000089,silver,STORE-07,example.com,2026-07-20,,true,2026-07-24 19:30:12.63567+07
103,CUST-000090,bronze,STORE-04,example.com,2026-07-20,,true,2026-07-24 19:30:12.63567+07
104,CUST-000091,silver,STORE-08,example.com,2026-07-20,,true,2026-07-24 19:30:12.63567+07
105,CUST-000092,bronze,STORE-02,example.com,2026-07-20,,true,2026-07-24 19:30:12.63567+07
106,CUST-000093,gold,STORE-12,example.com,2026-07-20,,true,2026-07-24 19:30:12.63567+07
107,CUST-000094,silver,STORE-07,example.com,2026-07-20,2026-07-21,false,2026-07-24 19:30:12.63567+07
108,CUST-000094,gold,STORE-07,example.com,2026-07-22,,true,2026-07-24 19:30:12.63567+07
109,CUST-000095,bronze,STORE-06,example.com,2026-07-20,,true,2026-07-24 19:30:12.63567+07
110,CUST-000096,bronze,STORE-08,example.com,2026-07-20,,true,2026-07-24 19:30:12.63567+07
111,CUST-000097,silver,STORE-14,example.com,2026-07-20,2026-07-21,false,2026-07-24 19:30:12.63567+07
112,CUST-000097,silver,STORE-12,example.com,2026-07-22,2026-07-23,false,2026-07-24 19:30:12.63567+07
113,CUST-000097,silver,STORE-14,example.com,2026-07-24,,true,2026-07-24 19:30:12.63567+07
114,CUST-000098,silver,STORE-08,example.com,2026-07-20,,true,2026-07-24 19:30:12.63567+07
115,CUST-000099,bronze,STORE-04,example.com,2026-07-20,,true,2026-07-24 19:30:12.63567+07
116,CUST-000100,bronze,STORE-02,example.com,2026-07-20,,true,2026-07-24 19:30:12.63567+07
117,CUST-000101,silver,STORE-07,example.com,2026-07-20,,true,2026-07-24 19:30:12.63567+07
118,CUST-000102,silver,STORE-15,example.com,2026-07-20,,true,2026-07-24 19:30:12.63567+07
119,CUST-000103,bronze,STORE-11,example.com,2026-07-20,,true,2026-07-24 19:30:12.63567+07
120,CUST-000104,bronze,STORE-02,example.com,2026-07-20,,true,2026-07-24 19:30:12.63567+07
121,CUST-000105,bronze,STORE-03,example.com,2026-07-20,,true,2026-07-24 19:30:12.63567+07
122,CUST-000106,bronze,STORE-08,example.com,2026-07-20,,true,2026-07-24 19:30:12.63567+07
123,CUST-000107,gold,STORE-12,example.com,2026-07-20,,true,2026-07-24 19:30:12.63567+07
124,CUST-000108,bronze,STORE-06,example.com,2026-07-20,,true,2026-07-24 19:30:12.63567+07
125,CUST-000109,bronze,STORE-07,example.com,2026-07-20,,true,2026-07-24 19:30:12.63567+07
126,CUST-000110,bronze,STORE-09,example.com,2026-07-20,2026-07-21,false,2026-07-24 19:30:12.63567+07
127,CUST-000110,silver,STORE-09,example.com,2026-07-22,2026-07-23,false,2026-07-24 19:30:12.63567+07
128,CUST-000110,bronze,STORE-09,example.com,2026-07-24,,true,2026-07-24 19:30:12.63567+07
129,CUST-000111,silver,STORE-07,example.com,2026-07-20,,true,2026-07-24 19:30:12.63567+07
130,CUST-000112,bronze,STORE-13,example.com,2026-07-20,,true,2026-07-24 19:30:12.63567+07
131,CUST-000113,bronze,STORE-15,example.com,2026-07-20,,true,2026-07-24 19:30:12.63567+07
132,CUST-000114,bronze,STORE-15,example.com,2026-07-20,,true,2026-07-24 19:30:12.63567+07
133,CUST-000115,bronze,STORE-10,example.com,2026-07-20,2026-07-21,false,2026-07-24 19:30:12.63567+07
134,CUST-000115,bronze,STORE-07,example.com,2026-07-22,2026-07-23,false,2026-07-24 19:30:12.63567+07
135,CUST-000115,bronze,STORE-10,example.com,2026-07-24,,true,2026-07-24 19:30:12.63567+07
136,CUST-000116,bronze,STORE-10,example.com,2026-07-20,,true,2026-07-24 19:30:12.63567+07
137,CUST-000117,gold,STORE-05,example.com,2026-07-20,,true,2026-07-24 19:30:12.63567+07
138,CUST-000118,silver,STORE-08,example.com,2026-07-20,,true,2026-07-24 19:30:12.63567+07
139,CUST-000119,bronze,STORE-03,example.com,2026-07-20,,true,2026-07-24 19:30:12.63567+07
140,CUST-000120,gold,STORE-09,example.com,2026-07-20,,true,2026-07-24 19:30:12.63567+07
141,CUST-000121,bronze,STORE-04,example.com,2026-07-20,,true,2026-07-24 19:30:12.63567+07
142,CUST-000122,silver,STORE-14,example.com,2026-07-20,,true,2026-07-24 19:30:12.63567+07
143,CUST-000123,silver,STORE-01,example.com,2026-07-20,,true,2026-07-24 19:30:12.63567+07
144,CUST-000124,bronze,STORE-03,example.com,2026-07-20,,true,2026-07-24 19:30:12.63567+07
145,CUST-000125,bronze,STORE-06,example.com,2026-07-20,,true,2026-07-24 19:30:12.63567+07
146,CUST-000126,gold,STORE-08,example.com,2026-07-20,2026-07-21,false,2026-07-24 19:30:12.63567+07
147,CUST-000126,gold,STORE-15,example.com,2026-07-22,,true,2026-07-24 19:30:12.63567+07
148,CUST-000127,bronze,STORE-03,example.com,2026-07-20,,true,2026-07-24 19:30:12.63567+07
149,CUST-000128,bronze,STORE-10,example.com,2026-07-20,,true,2026-07-24 19:30:12.63567+07
150,CUST-000129,bronze,STORE-13,example.com,2026-07-20,,true,2026-07-24 19:30:12.63567+07
151,CUST-000130,bronze,STORE-02,example.com,2026-07-20,,true,2026-07-24 19:30:12.63567+07
152,CUST-000131,platinum,STORE-13,example.com,2026-07-20,,true,2026-07-24 19:30:12.63567+07
153,CUST-000132,bronze,STORE-04,example.com,2026-07-20,,true,2026-07-24 19:30:12.63567+07
154,CUST-000133,bronze,STORE-13,example.com,2026-07-20,,true,2026-07-24 19:30:12.63567+07
155,CUST-000134,gold,STORE-03,example.com,2026-07-20,,true,2026-07-24 19:30:12.63567+07
156,CUST-000135,bronze,STORE-07,example.com,2026-07-20,,true,2026-07-24 19:30:12.63567+07
157,CUST-000136,bronze,STORE-11,example.com,2026-07-20,,true,2026-07-24 19:30:12.63567+07
158,CUST-000137,bronze,STORE-14,example.com,2026-07-20,2026-07-21,false,2026-07-24 19:30:12.63567+07
159,CUST-000137,bronze,STORE-15,example.com,2026-07-22,2026-07-23,false,2026-07-24 19:30:12.63567+07
160,CUST-000137,bronze,STORE-14,example.com,2026-07-24,,true,2026-07-24 19:30:12.63567+07
161,CUST-000138,bronze,STORE-05,example.com,2026-07-20,,true,2026-07-24 19:30:12.63567+07
162,CUST-000139,gold,STORE-15,example.com,2026-07-20,,true,2026-07-24 19:30:12.63567+07
163,CUST-000140,silver,STORE-04,example.com,2026-07-20,2026-07-21,false,2026-07-24 19:30:12.63567+07
164,CUST-000140,bronze,STORE-04,example.com,2026-07-22,,true,2026-07-24 19:30:12.63567+07
165,CUST-000141,gold,STORE-06,example.com,2026-07-20,,true,2026-07-24 19:30:12.63567+07
166,CUST-000142,silver,STORE-15,example.com,2026-07-20,,true,2026-07-24 19:30:12.63567+07
167,CUST-000143,bronze,STORE-03,example.com,2026-07-20,,true,2026-07-24 19:30:12.63567+07
168,CUST-000144,silver,STORE-01,example.com,2026-07-20,,true,2026-07-24 19:30:12.63567+07
169,CUST-000145,bronze,STORE-10,example.com,2026-07-20,,true,2026-07-24 19:30:12.63567+07
170,CUST-000146,bronze,STORE-11,example.com,2026-07-20,,true,2026-07-24 19:30:12.63567+07
171,CUST-000147,bronze,STORE-02,example.com,2026-07-20,,true,2026-07-24 19:30:12.63567+07
172,CUST-000148,bronze,STORE-07,example.com,2026-07-20,,true,2026-07-24 19:30:12.63567+07
173,CUST-000149,bronze,STORE-06,example.com,2026-07-20,,true,2026-07-24 19:30:12.63567+07
174,CUST-000150,bronze,STORE-02,example.com,2026-07-20,2026-07-21,false,2026-07-24 19:30:12.63567+07
175,CUST-000150,bronze,STORE-09,example.com,2026-07-22,,true,2026-07-24 19:30:12.63567+07
176,CUST-000151,bronze,STORE-10,example.com,2026-07-20,,true,2026-07-24 19:30:12.63567+07
177,CUST-000152,bronze,STORE-11,example.com,2026-07-20,,true,2026-07-24 19:30:12.63567+07
178,CUST-000153,bronze,STORE-10,example.com,2026-07-20,,true,2026-07-24 19:30:12.63567+07
179,CUST-000154,gold,STORE-12,example.com,2026-07-20,2026-07-21,false,2026-07-24 19:30:12.63567+07
180,CUST-000154,silver,STORE-12,example.com,2026-07-22,,true,2026-07-24 19:30:12.63567+07
181,CUST-000155,silver,STORE-07,example.com,2026-07-20,,true,2026-07-24 19:30:12.63567+07
182,CUST-000156,silver,STORE-10,example.com,2026-07-20,,true,2026-07-24 19:30:12.63567+07
183,CUST-000157,bronze,STORE-06,example.com,2026-07-20,,true,2026-07-24 19:30:12.63567+07
184,CUST-000158,bronze,STORE-12,example.com,2026-07-20,,true,2026-07-24 19:30:12.63567+07
185,CUST-000159,bronze,STORE-07,example.com,2026-07-20,,true,2026-07-24 19:30:12.63567+07
186,CUST-000160,bronze,STORE-01,example.com,2026-07-20,,true,2026-07-24 19:30:12.63567+07
187,CUST-000161,silver,STORE-03,example.com,2026-07-20,,true,2026-07-24 19:30:12.63567+07
188,CUST-000162,bronze,STORE-13,example.com,2026-07-20,,true,2026-07-24 19:30:12.63567+07
189,CUST-000163,bronze,STORE-03,example.com,2026-07-20,,true,2026-07-24 19:30:12.63567+07
190,CUST-000164,bronze,STORE-04,example.com,2026-07-20,,true,2026-07-24 19:30:12.63567+07
191,CUST-000165,bronze,STORE-02,example.com,2026-07-20,,true,2026-07-24 19:30:12.63567+07
192,CUST-000166,silver,STORE-02,example.com,2026-07-20,,true,2026-07-24 19:30:12.63567+07
193,CUST-000167,silver,STORE-11,example.com,2026-07-20,,true,2026-07-24 19:30:12.63567+07
194,CUST-000168,bronze,STORE-14,example.com,2026-07-20,,true,2026-07-24 19:30:12.63567+07
195,CUST-000169,bronze,STORE-03,example.com,2026-07-20,2026-07-21,false,2026-07-24 19:30:12.63567+07
196,CUST-000169,bronze,STORE-08,example.com,2026-07-22,2026-07-23,false,2026-07-24 19:30:12.63567+07
197,CUST-000169,bronze,STORE-03,example.com,2026-07-24,,true,2026-07-24 19:30:12.63567+07
198,CUST-000170,bronze,STORE-10,example.com,2026-07-20,,true,2026-07-24 19:30:12.63567+07
199,CUST-000171,bronze,STORE-02,example.com,2026-07-20,,true,2026-07-24 19:30:12.63567+07
200,CUST-000172,bronze,STORE-11,example.com,2026-07-20,,true,2026-07-24 19:30:12.63567+07
201,CUST-000173,gold,STORE-07,example.com,2026-07-20,,true,2026-07-24 19:30:12.63567+07
202,CUST-000174,silver,STORE-11,example.com,2026-07-20,,true,2026-07-24 19:30:12.63567+07
203,CUST-000175,bronze,STORE-01,example.com,2026-07-20,,true,2026-07-24 19:30:12.63567+07
204,CUST-000176,bronze,STORE-09,example.com,2026-07-20,,true,2026-07-24 19:30:12.63567+07
205,CUST-000177,bronze,STORE-10,example.com,2026-07-20,,true,2026-07-24 19:30:12.63567+07
206,CUST-000178,bronze,STORE-06,example.com,2026-07-20,,true,2026-07-24 19:30:12.63567+07
207,CUST-000179,gold,STORE-12,example.com,2026-07-20,,true,2026-07-24 19:30:12.63567+07
208,CUST-000180,bronze,STORE-01,example.com,2026-07-20,,true,2026-07-24 19:30:12.63567+07
209,CUST-000181,bronze,STORE-02,example.com,2026-07-20,2026-07-21,false,2026-07-24 19:30:12.63567+07
210,CUST-000181,bronze,STORE-08,example.com,2026-07-22,,true,2026-07-24 19:30:12.63567+07
211,CUST-000182,gold,STORE-09,example.com,2026-07-20,,true,2026-07-24 19:30:12.63567+07
212,CUST-000183,silver,STORE-15,example.com,2026-07-20,,true,2026-07-24 19:30:12.63567+07
213,CUST-000184,bronze,STORE-15,example.com,2026-07-20,2026-07-23,false,2026-07-24 19:30:12.63567+07
214,CUST-000184,bronze,STORE-08,example.com,2026-07-24,,true,2026-07-24 19:30:12.63567+07
215,CUST-000185,gold,STORE-15,example.com,2026-07-20,,true,2026-07-24 19:30:12.63567+07
216,CUST-000186,silver,STORE-04,example.com,2026-07-20,,true,2026-07-24 19:30:12.63567+07
217,CUST-000187,silver,STORE-03,example.com,2026-07-20,,true,2026-07-24 19:30:12.63567+07
218,CUST-000188,gold,STORE-11,example.com,2026-07-20,,true,2026-07-24 19:30:12.63567+07
219,CUST-000189,silver,STORE-15,example.com,2026-07-20,2026-07-21,false,2026-07-24 19:30:12.63567+07
220,CUST-000189,gold,STORE-15,example.com,2026-07-22,2026-07-23,false,2026-07-24 19:30:12.63567+07
221,CUST-000189,silver,STORE-15,example.com,2026-07-24,,true,2026-07-24 19:30:12.63567+07
222,CUST-000190,gold,STORE-01,example.com,2026-07-20,,true,2026-07-24 19:30:12.63567+07
223,CUST-000191,bronze,STORE-05,example.com,2026-07-20,,true,2026-07-24 19:30:12.63567+07
224,CUST-000192,bronze,STORE-02,example.com,2026-07-20,,true,2026-07-24 19:30:12.63567+07
225,CUST-000193,bronze,STORE-05,example.com,2026-07-20,,true,2026-07-24 19:30:12.63567+07
226,CUST-000194,bronze,STORE-02,example.com,2026-07-20,2026-07-21,false,2026-07-24 19:30:12.63567+07
227,CUST-000194,bronze,STORE-01,example.com,2026-07-22,2026-07-23,false,2026-07-24 19:30:12.63567+07
228,CUST-000194,bronze,STORE-02,example.com,2026-07-24,,true,2026-07-24 19:30:12.63567+07
229,CUST-000195,bronze,STORE-05,example.com,2026-07-20,,true,2026-07-24 19:30:12.63567+07
230,CUST-000196,silver,STORE-03,example.com,2026-07-20,,true,2026-07-24 19:30:12.63567+07
231,CUST-000197,bronze,STORE-08,example.com,2026-07-20,,true,2026-07-24 19:30:12.63567+07
232,CUST-000198,silver,STORE-13,example.com,2026-07-20,,true,2026-07-24 19:30:12.63567+07
233,CUST-000199,platinum,STORE-14,example.com,2026-07-20,,true,2026-07-24 19:30:12.63567+07
234,CUST-000200,gold,STORE-12,example.com,2026-07-20,,true,2026-07-24 19:30:12.63567+07
235,CUST-000201,silver,STORE-03,example.com,2026-07-20,,true,2026-07-24 19:30:12.63567+07
236,CUST-000202,bronze,STORE-02,example.com,2026-07-20,,true,2026-07-24 19:30:12.63567+07
237,CUST-000203,bronze,STORE-08,example.com,2026-07-20,,true,2026-07-24 19:30:12.63567+07
238,CUST-000204,bronze,STORE-08,example.com,2026-07-20,,true,2026-07-24 19:30:12.63567+07
239,CUST-000205,bronze,STORE-15,example.com,2026-07-20,,true,2026-07-24 19:30:12.63567+07
240,CUST-000206,silver,STORE-06,example.com,2026-07-20,,true,2026-07-24 19:30:12.63567+07
241,CUST-000207,platinum,STORE-08,example.com,2026-07-20,,true,2026-07-24 19:30:12.63567+07
242,CUST-000208,bronze,STORE-13,example.com,2026-07-20,,true,2026-07-24 19:30:12.63567+07
243,CUST-000209,bronze,STORE-04,example.com,2026-07-20,,true,2026-07-24 19:30:12.63567+07
244,CUST-000210,gold,STORE-09,example.com,2026-07-20,,true,2026-07-24 19:30:12.63567+07
245,CUST-000211,bronze,STORE-04,example.com,2026-07-20,2026-07-21,false,2026-07-24 19:30:12.63567+07
246,CUST-000211,silver,STORE-04,example.com,2026-07-22,2026-07-23,false,2026-07-24 19:30:12.63567+07
247,CUST-000211,bronze,STORE-04,example.com,2026-07-24,,true,2026-07-24 19:30:12.63567+07
248,CUST-000212,silver,STORE-03,example.com,2026-07-20,,true,2026-07-24 19:30:12.63567+07
249,CUST-000213,bronze,STORE-12,example.com,2026-07-20,,true,2026-07-24 19:30:12.63567+07
250,CUST-000214,silver,STORE-07,example.com,2026-07-20,,true,2026-07-24 19:30:12.63567+07
251,CUST-000215,gold,STORE-04,example.com,2026-07-20,,true,2026-07-24 19:30:12.63567+07
252,CUST-000216,silver,STORE-02,example.com,2026-07-20,,true,2026-07-24 19:30:12.63567+07
253,CUST-000217,gold,STORE-10,example.com,2026-07-20,2026-07-23,false,2026-07-24 19:30:12.63567+07
254,CUST-000217,gold,STORE-07,example.com,2026-07-24,,true,2026-07-24 19:30:12.63567+07
255,CUST-000218,silver,STORE-09,example.com,2026-07-20,,true,2026-07-24 19:30:12.63567+07
256,CUST-000219,silver,STORE-06,example.com,2026-07-20,,true,2026-07-24 19:30:12.63567+07
257,CUST-000220,bronze,STORE-03,example.com,2026-07-20,,true,2026-07-24 19:30:12.63567+07
258,CUST-000221,silver,STORE-13,example.com,2026-07-20,2026-07-21,false,2026-07-24 19:30:12.63567+07
259,CUST-000221,gold,STORE-13,example.com,2026-07-22,2026-07-23,false,2026-07-24 19:30:12.63567+07
260,CUST-000221,silver,STORE-13,example.com,2026-07-24,,true,2026-07-24 19:30:12.63567+07
261,CUST-000222,gold,STORE-07,example.com,2026-07-20,,true,2026-07-24 19:30:12.63567+07
262,CUST-000223,silver,STORE-10,example.com,2026-07-20,,true,2026-07-24 19:30:12.63567+07
263,CUST-000224,bronze,STORE-12,example.com,2026-07-20,,true,2026-07-24 19:30:12.63567+07
264,CUST-000225,bronze,STORE-03,example.com,2026-07-20,,true,2026-07-24 19:30:12.63567+07
265,CUST-000226,bronze,STORE-01,example.com,2026-07-20,,true,2026-07-24 19:30:12.63567+07
266,CUST-000227,gold,STORE-09,example.com,2026-07-20,,true,2026-07-24 19:30:12.63567+07
267,CUST-000228,bronze,STORE-15,example.com,2026-07-20,,true,2026-07-24 19:30:12.63567+07
268,CUST-000229,bronze,STORE-07,example.com,2026-07-20,,true,2026-07-24 19:30:12.63567+07
269,CUST-000230,bronze,STORE-08,example.com,2026-07-20,,true,2026-07-24 19:30:12.63567+07
270,CUST-000231,silver,STORE-14,example.com,2026-07-20,2026-07-21,false,2026-07-24 19:30:12.63567+07
271,CUST-000231,bronze,STORE-14,example.com,2026-07-22,,true,2026-07-24 19:30:12.63567+07
272,CUST-000232,bronze,STORE-05,example.com,2026-07-20,,true,2026-07-24 19:30:12.63567+07
273,CUST-000233,silver,STORE-02,example.com,2026-07-20,,true,2026-07-24 19:30:12.63567+07
274,CUST-000234,platinum,STORE-02,example.com,2026-07-20,,true,2026-07-24 19:30:12.63567+07
275,CUST-000235,silver,STORE-01,example.com,2026-07-20,,true,2026-07-24 19:30:12.63567+07
276,CUST-000236,gold,STORE-06,example.com,2026-07-20,,true,2026-07-24 19:30:12.63567+07
277,CUST-000237,silver,STORE-03,example.com,2026-07-20,2026-07-21,false,2026-07-24 19:30:12.63567+07
278,CUST-000237,bronze,STORE-03,example.com,2026-07-22,,true,2026-07-24 19:30:12.63567+07
279,CUST-000238,silver,STORE-13,example.com,2026-07-20,2026-07-21,false,2026-07-24 19:30:12.63567+07
280,CUST-000238,gold,STORE-13,example.com,2026-07-22,2026-07-23,false,2026-07-24 19:30:12.63567+07
281,CUST-000238,silver,STORE-13,example.com,2026-07-24,,true,2026-07-24 19:30:12.63567+07
282,CUST-000239,bronze,STORE-05,example.com,2026-07-20,,true,2026-07-24 19:30:12.63567+07
283,CUST-000240,bronze,STORE-01,example.com,2026-07-20,,true,2026-07-24 19:30:12.63567+07
284,CUST-000241,silver,STORE-02,example.com,2026-07-20,,true,2026-07-24 19:30:12.63567+07
285,CUST-000242,bronze,STORE-01,example.com,2026-07-20,2026-07-23,false,2026-07-24 19:30:12.63567+07
286,CUST-000242,silver,STORE-01,example.com,2026-07-24,,true,2026-07-24 19:30:12.63567+07
287,CUST-000243,bronze,STORE-08,example.com,2026-07-20,,true,2026-07-24 19:30:12.63567+07
288,CUST-000244,bronze,STORE-07,example.com,2026-07-20,,true,2026-07-24 19:30:12.63567+07
289,CUST-000245,gold,STORE-02,example.com,2026-07-20,,true,2026-07-24 19:30:12.63567+07
290,CUST-000246,bronze,STORE-10,example.com,2026-07-20,,true,2026-07-24 19:30:12.63567+07
291,CUST-000247,bronze,STORE-15,example.com,2026-07-20,2026-07-21,false,2026-07-24 19:30:12.63567+07
292,CUST-000247,bronze,STORE-10,example.com,2026-07-22,,true,2026-07-24 19:30:12.63567+07
293,CUST-000248,gold,STORE-03,example.com,2026-07-20,2026-07-21,false,2026-07-24 19:30:12.63567+07
294,CUST-000248,gold,STORE-04,example.com,2026-07-22,,true,2026-07-24 19:30:12.63567+07
295,CUST-000249,bronze,STORE-11,example.com,2026-07-20,2026-07-21,false,2026-07-24 19:30:12.63567+07
296,CUST-000249,bronze,STORE-15,example.com,2026-07-22,2026-07-23,false,2026-07-24 19:30:12.63567+07
297,CUST-000249,bronze,STORE-11,example.com,2026-07-24,,true,2026-07-24 19:30:12.63567+07
298,CUST-000250,silver,STORE-13,example.com,2026-07-20,,true,2026-07-24 19:30:12.63567+07
299,CUST-000251,bronze,STORE-11,example.com,2026-07-20,,true,2026-07-24 19:30:12.63567+07
300,CUST-000252,platinum,STORE-01,example.com,2026-07-20,,true,2026-07-24 19:30:12.63567+07
301,CUST-000253,silver,STORE-06,example.com,2026-07-20,,true,2026-07-24 19:30:12.63567+07
302,CUST-000254,gold,STORE-01,example.com,2026-07-20,,true,2026-07-24 19:30:12.63567+07
303,CUST-000255,bronze,STORE-14,example.com,2026-07-20,,true,2026-07-24 19:30:12.63567+07
304,CUST-000256,bronze,STORE-14,example.com,2026-07-20,,true,2026-07-24 19:30:12.63567+07
305,CUST-000257,bronze,STORE-08,example.com,2026-07-20,,true,2026-07-24 19:30:12.63567+07
306,CUST-000258,platinum,STORE-13,example.com,2026-07-20,,true,2026-07-24 19:30:12.63567+07
307,CUST-000259,silver,STORE-05,example.com,2026-07-20,2026-07-21,false,2026-07-24 19:30:12.63567+07
308,CUST-000259,gold,STORE-05,example.com,2026-07-22,2026-07-23,false,2026-07-24 19:30:12.63567+07
309,CUST-000259,silver,STORE-05,example.com,2026-07-24,,true,2026-07-24 19:30:12.63567+07
310,CUST-000260,silver,STORE-10,example.com,2026-07-20,,true,2026-07-24 19:30:12.63567+07
311,CUST-000261,bronze,STORE-10,example.com,2026-07-20,,true,2026-07-24 19:30:12.63567+07
312,CUST-000262,bronze,STORE-04,example.com,2026-07-20,,true,2026-07-24 19:30:12.63567+07
313,CUST-000263,bronze,STORE-06,example.com,2026-07-20,,true,2026-07-24 19:30:12.63567+07
314,CUST-000264,platinum,STORE-10,example.com,2026-07-20,,true,2026-07-24 19:30:12.63567+07
315,CUST-000265,gold,STORE-09,example.com,2026-07-20,,true,2026-07-24 19:30:12.63567+07
316,CUST-000266,bronze,STORE-05,example.com,2026-07-20,,true,2026-07-24 19:30:12.63567+07
317,CUST-000267,bronze,STORE-09,example.com,2026-07-20,,true,2026-07-24 19:30:12.63567+07
318,CUST-000268,platinum,STORE-04,example.com,2026-07-20,,true,2026-07-24 19:30:12.63567+07
319,CUST-000269,bronze,STORE-02,example.com,2026-07-20,,true,2026-07-24 19:30:12.63567+07
320,CUST-000270,silver,STORE-03,example.com,2026-07-20,,true,2026-07-24 19:30:12.63567+07
321,CUST-000271,bronze,STORE-02,example.com,2026-07-20,,true,2026-07-24 19:30:12.63567+07
322,CUST-000272,silver,STORE-12,example.com,2026-07-20,2026-07-21,false,2026-07-24 19:30:12.63567+07
323,CUST-000272,bronze,STORE-12,example.com,2026-07-22,,true,2026-07-24 19:30:12.63567+07
324,CUST-000273,silver,STORE-05,example.com,2026-07-20,2026-07-21,false,2026-07-24 19:30:12.63567+07
325,CUST-000273,bronze,STORE-05,example.com,2026-07-22,,true,2026-07-24 19:30:12.63567+07
326,CUST-000274,gold,STORE-02,example.com,2026-07-20,,true,2026-07-24 19:30:12.63567+07
327,CUST-000275,bronze,STORE-04,example.com,2026-07-20,,true,2026-07-24 19:30:12.63567+07
328,CUST-000276,bronze,STORE-09,example.com,2026-07-20,,true,2026-07-24 19:30:12.63567+07
329,CUST-000277,bronze,STORE-08,example.com,2026-07-20,,true,2026-07-24 19:30:12.63567+07
330,CUST-000278,silver,STORE-12,example.com,2026-07-20,,true,2026-07-24 19:30:12.63567+07
331,CUST-000279,platinum,STORE-07,example.com,2026-07-20,,true,2026-07-24 19:30:12.63567+07
332,CUST-000280,silver,STORE-13,example.com,2026-07-20,2026-07-21,false,2026-07-24 19:30:12.63567+07
333,CUST-000280,bronze,STORE-13,example.com,2026-07-22,,true,2026-07-24 19:30:12.63567+07
334,CUST-000281,bronze,STORE-01,example.com,2026-07-20,2026-07-23,false,2026-07-24 19:30:12.63567+07
335,CUST-000281,silver,STORE-01,example.com,2026-07-24,,true,2026-07-24 19:30:12.63567+07
336,CUST-000282,silver,STORE-04,example.com,2026-07-20,,true,2026-07-24 19:30:12.63567+07
337,CUST-000283,bronze,STORE-01,example.com,2026-07-20,,true,2026-07-24 19:30:12.63567+07
338,CUST-000284,bronze,STORE-10,example.com,2026-07-20,,true,2026-07-24 19:30:12.63567+07
339,CUST-000285,silver,STORE-14,example.com,2026-07-20,,true,2026-07-24 19:30:12.63567+07
340,CUST-000286,silver,STORE-13,example.com,2026-07-20,,true,2026-07-24 19:30:12.63567+07
341,CUST-000287,bronze,STORE-05,example.com,2026-07-20,,true,2026-07-24 19:30:12.63567+07
342,CUST-000288,silver,STORE-15,example.com,2026-07-20,,true,2026-07-24 19:30:12.63567+07
343,CUST-000289,silver,STORE-15,example.com,2026-07-20,,true,2026-07-24 19:30:12.63567+07
344,CUST-000290,bronze,STORE-10,example.com,2026-07-20,,true,2026-07-24 19:30:12.63567+07
345,CUST-000291,bronze,STORE-13,example.com,2026-07-20,,true,2026-07-24 19:30:12.63567+07
346,CUST-000292,silver,STORE-13,example.com,2026-07-20,,true,2026-07-24 19:30:12.63567+07
347,CUST-000293,silver,STORE-13,example.com,2026-07-20,,true,2026-07-24 19:30:12.63567+07
348,CUST-000294,bronze,STORE-12,example.com,2026-07-20,,true,2026-07-24 19:30:12.63567+07
349,CUST-000295,bronze,STORE-05,example.com,2026-07-20,2026-07-21,false,2026-07-24 19:30:12.63567+07
350,CUST-000295,bronze,STORE-03,example.com,2026-07-22,,true,2026-07-24 19:30:12.63567+07
351,CUST-000296,bronze,STORE-06,example.com,2026-07-20,,true,2026-07-24 19:30:12.63567+07
352,CUST-000297,bronze,STORE-12,example.com,2026-07-20,,true,2026-07-24 19:30:12.63567+07
353,CUST-000298,bronze,STORE-09,example.com,2026-07-20,2026-07-23,false,2026-07-24 19:30:12.63567+07
354,CUST-000298,silver,STORE-09,example.com,2026-07-24,,true,2026-07-24 19:30:12.63567+07
355,CUST-000299,gold,STORE-04,example.com,2026-07-20,,true,2026-07-24 19:30:12.63567+07
356,CUST-000300,silver,STORE-11,example.com,2026-07-20,,true,2026-07-24 19:30:12.63567+07
357,CUST-000301,gold,STORE-04,example.com,2026-07-20,,true,2026-07-24 19:30:12.63567+07
358,CUST-000302,bronze,STORE-12,example.com,2026-07-20,,true,2026-07-24 19:30:12.63567+07
359,CUST-000303,silver,STORE-08,example.com,2026-07-20,,true,2026-07-24 19:30:12.63567+07
360,CUST-000304,gold,STORE-13,example.com,2026-07-20,,true,2026-07-24 19:30:12.63567+07
361,CUST-000305,bronze,STORE-02,example.com,2026-07-20,,true,2026-07-24 19:30:12.63567+07
362,CUST-000306,silver,STORE-09,example.com,2026-07-20,,true,2026-07-24 19:30:12.63567+07
363,CUST-000307,bronze,STORE-04,example.com,2026-07-20,,true,2026-07-24 19:30:12.63567+07
364,CUST-000308,silver,STORE-07,example.com,2026-07-20,,true,2026-07-24 19:30:12.63567+07
365,CUST-000309,silver,STORE-12,example.com,2026-07-20,2026-07-21,false,2026-07-24 19:30:12.63567+07
366,CUST-000309,silver,STORE-04,example.com,2026-07-22,,true,2026-07-24 19:30:12.63567+07
367,CUST-000310,gold,STORE-11,example.com,2026-07-20,,true,2026-07-24 19:30:12.63567+07
368,CUST-000311,bronze,STORE-04,example.com,2026-07-20,,true,2026-07-24 19:30:12.63567+07
369,CUST-000312,platinum,STORE-11,example.com,2026-07-20,2026-07-21,false,2026-07-24 19:30:12.63567+07
370,CUST-000312,gold,STORE-11,example.com,2026-07-22,,true,2026-07-24 19:30:12.63567+07
371,CUST-000313,silver,STORE-07,example.com,2026-07-20,,true,2026-07-24 19:30:12.63567+07
372,CUST-000314,gold,STORE-03,example.com,2026-07-20,2026-07-21,false,2026-07-24 19:30:12.63567+07
373,CUST-000314,gold,STORE-08,example.com,2026-07-22,2026-07-23,false,2026-07-24 19:30:12.63567+07
374,CUST-000314,platinum,STORE-03,example.com,2026-07-24,,true,2026-07-24 19:30:12.63567+07
375,CUST-000315,bronze,STORE-11,example.com,2026-07-20,,true,2026-07-24 19:30:12.63567+07
376,CUST-000316,bronze,STORE-10,example.com,2026-07-20,,true,2026-07-24 19:30:12.63567+07
377,CUST-000317,silver,STORE-03,example.com,2026-07-20,,true,2026-07-24 19:30:12.63567+07
378,CUST-000318,bronze,STORE-03,example.com,2026-07-20,,true,2026-07-24 19:30:12.63567+07
379,CUST-000319,bronze,STORE-13,example.com,2026-07-20,,true,2026-07-24 19:30:12.63567+07
380,CUST-000320,bronze,STORE-02,example.com,2026-07-20,,true,2026-07-24 19:30:12.63567+07
381,CUST-000321,silver,STORE-09,example.com,2026-07-20,,true,2026-07-24 19:30:12.63567+07
382,CUST-000322,bronze,STORE-13,example.com,2026-07-20,,true,2026-07-24 19:30:12.63567+07
383,CUST-000323,bronze,STORE-06,example.com,2026-07-20,,true,2026-07-24 19:30:12.63567+07
384,CUST-000324,bronze,STORE-05,example.com,2026-07-20,,true,2026-07-24 19:30:12.63567+07
385,CUST-000325,gold,STORE-10,example.com,2026-07-20,2026-07-23,false,2026-07-24 19:30:12.63567+07
386,CUST-000325,platinum,STORE-10,example.com,2026-07-24,,true,2026-07-24 19:30:12.63567+07
387,CUST-000326,gold,STORE-08,example.com,2026-07-20,,true,2026-07-24 19:30:12.63567+07
388,CUST-000327,bronze,STORE-15,example.com,2026-07-20,,true,2026-07-24 19:30:12.63567+07
389,CUST-000328,bronze,STORE-06,example.com,2026-07-20,,true,2026-07-24 19:30:12.63567+07
390,CUST-000329,bronze,STORE-12,example.com,2026-07-20,,true,2026-07-24 19:30:12.63567+07
391,CUST-000330,bronze,STORE-07,example.com,2026-07-20,,true,2026-07-24 19:30:12.63567+07
392,CUST-000331,gold,STORE-10,example.com,2026-07-20,,true,2026-07-24 19:30:12.63567+07
393,CUST-000332,silver,STORE-02,example.com,2026-07-20,,true,2026-07-24 19:30:12.63567+07
394,CUST-000333,silver,STORE-10,example.com,2026-07-20,,true,2026-07-24 19:30:12.63567+07
395,CUST-000334,bronze,STORE-08,example.com,2026-07-20,,true,2026-07-24 19:30:12.63567+07
396,CUST-000335,platinum,STORE-04,example.com,2026-07-20,,true,2026-07-24 19:30:12.63567+07
397,CUST-000336,platinum,STORE-13,example.com,2026-07-20,,true,2026-07-24 19:30:12.63567+07
398,CUST-000337,silver,STORE-12,example.com,2026-07-20,,true,2026-07-24 19:30:12.63567+07
399,CUST-000338,platinum,STORE-08,example.com,2026-07-20,,true,2026-07-24 19:30:12.63567+07
400,CUST-000339,bronze,STORE-05,example.com,2026-07-20,,true,2026-07-24 19:30:12.63567+07
401,CUST-000340,silver,STORE-15,example.com,2026-07-20,,true,2026-07-24 19:30:12.63567+07
402,CUST-000341,silver,STORE-15,example.com,2026-07-20,,true,2026-07-24 19:30:12.63567+07
403,CUST-000342,bronze,STORE-05,example.com,2026-07-20,,true,2026-07-24 19:30:12.63567+07
404,CUST-000343,gold,STORE-01,example.com,2026-07-20,,true,2026-07-24 19:30:12.63567+07
405,CUST-000344,silver,STORE-10,example.com,2026-07-20,,true,2026-07-24 19:30:12.63567+07
406,CUST-000345,silver,STORE-03,example.com,2026-07-20,,true,2026-07-24 19:30:12.63567+07
407,CUST-000346,bronze,STORE-07,example.com,2026-07-20,,true,2026-07-24 19:30:12.63567+07
408,CUST-000347,silver,STORE-04,example.com,2026-07-20,2026-07-21,false,2026-07-24 19:30:12.63567+07
409,CUST-000347,gold,STORE-04,example.com,2026-07-22,2026-07-23,false,2026-07-24 19:30:12.63567+07
410,CUST-000347,silver,STORE-04,example.com,2026-07-24,,true,2026-07-24 19:30:12.63567+07
411,CUST-000348,bronze,STORE-12,example.com,2026-07-20,,true,2026-07-24 19:30:12.63567+07
412,CUST-000349,bronze,STORE-13,example.com,2026-07-20,,true,2026-07-24 19:30:12.63567+07
413,CUST-000350,bronze,STORE-09,example.com,2026-07-20,,true,2026-07-24 19:30:12.63567+07
414,CUST-000351,silver,STORE-07,example.com,2026-07-20,,true,2026-07-24 19:30:12.63567+07
415,CUST-000352,silver,STORE-12,example.com,2026-07-20,,true,2026-07-24 19:30:12.63567+07
416,CUST-000353,gold,STORE-09,example.com,2026-07-20,,true,2026-07-24 19:30:12.63567+07
417,CUST-000354,bronze,STORE-08,example.com,2026-07-20,,true,2026-07-24 19:30:12.63567+07
418,CUST-000355,gold,STORE-03,example.com,2026-07-20,2026-07-23,false,2026-07-24 19:30:12.63567+07
419,CUST-000355,gold,STORE-06,example.com,2026-07-24,,true,2026-07-24 19:30:12.63567+07
420,CUST-000356,bronze,STORE-03,example.com,2026-07-20,,true,2026-07-24 19:30:12.63567+07
421,CUST-000357,bronze,STORE-07,example.com,2026-07-20,2026-07-23,false,2026-07-24 19:30:12.63567+07
422,CUST-000357,silver,STORE-07,example.com,2026-07-24,,true,2026-07-24 19:30:12.63567+07
423,CUST-000358,silver,STORE-04,example.com,2026-07-20,,true,2026-07-24 19:30:12.63567+07
424,CUST-000359,bronze,STORE-15,example.com,2026-07-20,,true,2026-07-24 19:30:12.63567+07
425,CUST-000360,platinum,STORE-15,example.com,2026-07-20,,true,2026-07-24 19:30:12.63567+07
426,CUST-000361,bronze,STORE-13,example.com,2026-07-20,,true,2026-07-24 19:30:12.63567+07
427,CUST-000362,bronze,STORE-03,example.com,2026-07-20,,true,2026-07-24 19:30:12.63567+07
428,CUST-000363,bronze,STORE-02,example.com,2026-07-20,,true,2026-07-24 19:30:12.63567+07
429,CUST-000364,silver,STORE-11,example.com,2026-07-20,,true,2026-07-24 19:30:12.63567+07
430,CUST-000365,bronze,STORE-05,example.com,2026-07-20,,true,2026-07-24 19:30:12.63567+07
431,CUST-000366,silver,STORE-02,example.com,2026-07-20,,true,2026-07-24 19:30:12.63567+07
432,CUST-000367,bronze,STORE-07,example.com,2026-07-20,,true,2026-07-24 19:30:12.63567+07
433,CUST-000368,silver,STORE-15,example.com,2026-07-20,2026-07-21,false,2026-07-24 19:30:12.63567+07
434,CUST-000368,bronze,STORE-15,example.com,2026-07-22,,true,2026-07-24 19:30:12.63567+07
435,CUST-000369,silver,STORE-02,example.com,2026-07-20,,true,2026-07-24 19:30:12.63567+07
436,CUST-000370,silver,STORE-04,example.com,2026-07-20,2026-07-21,false,2026-07-24 19:30:12.63567+07
437,CUST-000370,bronze,STORE-02,example.com,2026-07-22,2026-07-23,false,2026-07-24 19:30:12.63567+07
438,CUST-000370,bronze,STORE-04,example.com,2026-07-24,,true,2026-07-24 19:30:12.63567+07
439,CUST-000371,bronze,STORE-13,example.com,2026-07-20,,true,2026-07-24 19:30:12.63567+07
440,CUST-000372,bronze,STORE-08,example.com,2026-07-20,,true,2026-07-24 19:30:12.63567+07
441,CUST-000373,silver,STORE-15,example.com,2026-07-20,,true,2026-07-24 19:30:12.63567+07
442,CUST-000374,bronze,STORE-07,example.com,2026-07-20,,true,2026-07-24 19:30:12.63567+07
443,CUST-000375,bronze,STORE-13,example.com,2026-07-20,,true,2026-07-24 19:30:12.63567+07
444,CUST-000376,gold,STORE-10,example.com,2026-07-20,,true,2026-07-24 19:30:12.63567+07
445,CUST-000377,silver,STORE-05,example.com,2026-07-20,,true,2026-07-24 19:30:12.63567+07
446,CUST-000378,silver,STORE-07,example.com,2026-07-20,2026-07-21,false,2026-07-24 19:30:12.63567+07
447,CUST-000378,bronze,STORE-07,example.com,2026-07-22,,true,2026-07-24 19:30:12.63567+07
448,CUST-000379,silver,STORE-15,example.com,2026-07-20,2026-07-21,false,2026-07-24 19:30:12.63567+07
449,CUST-000379,gold,STORE-15,example.com,2026-07-22,2026-07-23,false,2026-07-24 19:30:12.63567+07
450,CUST-000379,silver,STORE-15,example.com,2026-07-24,,true,2026-07-24 19:30:12.63567+07
451,CUST-000380,bronze,STORE-02,example.com,2026-07-20,,true,2026-07-24 19:30:12.63567+07
452,CUST-000381,platinum,STORE-09,example.com,2026-07-20,2026-07-21,false,2026-07-24 19:30:12.63567+07
453,CUST-000381,gold,STORE-09,example.com,2026-07-22,,true,2026-07-24 19:30:12.63567+07
454,CUST-000382,silver,STORE-02,example.com,2026-07-20,,true,2026-07-24 19:30:12.63567+07
455,CUST-000383,silver,STORE-04,example.com,2026-07-20,,true,2026-07-24 19:30:12.63567+07
456,CUST-000384,bronze,STORE-08,example.com,2026-07-20,,true,2026-07-24 19:30:12.63567+07
457,CUST-000385,platinum,STORE-03,example.com,2026-07-20,,true,2026-07-24 19:30:12.63567+07
458,CUST-000386,bronze,STORE-02,example.com,2026-07-20,,true,2026-07-24 19:30:12.63567+07
459,CUST-000387,bronze,STORE-09,example.com,2026-07-20,2026-07-21,false,2026-07-24 19:30:12.63567+07
460,CUST-000387,bronze,STORE-07,example.com,2026-07-22,2026-07-23,false,2026-07-24 19:30:12.63567+07
461,CUST-000387,bronze,STORE-09,example.com,2026-07-24,,true,2026-07-24 19:30:12.63567+07
462,CUST-000388,bronze,STORE-04,example.com,2026-07-20,,true,2026-07-24 19:30:12.63567+07
463,CUST-000389,bronze,STORE-13,example.com,2026-07-20,,true,2026-07-24 19:30:12.63567+07
464,CUST-000390,bronze,STORE-02,example.com,2026-07-20,,true,2026-07-24 19:30:12.63567+07
465,CUST-000391,platinum,STORE-14,example.com,2026-07-20,,true,2026-07-24 19:30:12.63567+07
466,CUST-000392,silver,STORE-10,example.com,2026-07-20,,true,2026-07-24 19:30:12.63567+07
467,CUST-000393,bronze,STORE-09,example.com,2026-07-20,,true,2026-07-24 19:30:12.63567+07
468,CUST-000394,silver,STORE-05,example.com,2026-07-20,,true,2026-07-24 19:30:12.63567+07
469,CUST-000395,silver,STORE-13,example.com,2026-07-20,,true,2026-07-24 19:30:12.63567+07
470,CUST-000396,bronze,STORE-12,example.com,2026-07-20,,true,2026-07-24 19:30:12.63567+07
471,CUST-000397,silver,STORE-10,example.com,2026-07-20,,true,2026-07-24 19:30:12.63567+07
472,CUST-000398,gold,STORE-01,example.com,2026-07-20,2026-07-21,false,2026-07-24 19:30:12.63567+07
473,CUST-000398,silver,STORE-01,example.com,2026-07-22,,true,2026-07-24 19:30:12.63567+07
474,CUST-000399,gold,STORE-01,example.com,2026-07-20,2026-07-23,false,2026-07-24 19:30:12.63567+07
475,CUST-000399,platinum,STORE-01,example.com,2026-07-24,,true,2026-07-24 19:30:12.63567+07
476,CUST-000400,bronze,STORE-13,example.com,2026-07-20,,true,2026-07-24 19:30:12.63567+07
477,CUST-000401,bronze,STORE-08,example.com,2026-07-20,,true,2026-07-24 19:30:12.63567+07
478,CUST-000402,bronze,STORE-14,example.com,2026-07-20,,true,2026-07-24 19:30:12.63567+07
479,CUST-000403,bronze,STORE-05,example.com,2026-07-20,,true,2026-07-24 19:30:12.63567+07
480,CUST-000404,silver,STORE-15,example.com,2026-07-20,,true,2026-07-24 19:30:12.63567+07
481,CUST-000405,bronze,STORE-06,example.com,2026-07-20,2026-07-21,false,2026-07-24 19:30:12.63567+07
482,CUST-000405,bronze,STORE-08,example.com,2026-07-22,,true,2026-07-24 19:30:12.63567+07
483,CUST-000406,silver,STORE-02,example.com,2026-07-20,,true,2026-07-24 19:30:12.63567+07
484,CUST-000407,silver,STORE-12,example.com,2026-07-20,,true,2026-07-24 19:30:12.63567+07
485,CUST-000408,bronze,STORE-11,example.com,2026-07-20,2026-07-23,false,2026-07-24 19:30:12.63567+07
486,CUST-000408,bronze,STORE-03,example.com,2026-07-24,,true,2026-07-24 19:30:12.63567+07
487,CUST-000409,platinum,STORE-05,example.com,2026-07-20,,true,2026-07-24 19:30:12.63567+07
488,CUST-000410,bronze,STORE-09,example.com,2026-07-20,,true,2026-07-24 19:30:12.63567+07
489,CUST-000411,gold,STORE-10,example.com,2026-07-20,,true,2026-07-24 19:30:12.63567+07
490,CUST-000412,bronze,STORE-14,example.com,2026-07-20,,true,2026-07-24 19:30:12.63567+07
491,CUST-000413,platinum,STORE-11,example.com,2026-07-20,,true,2026-07-24 19:30:12.63567+07
492,CUST-000414,platinum,STORE-15,example.com,2026-07-20,,true,2026-07-24 19:30:12.63567+07
493,CUST-000415,bronze,STORE-10,example.com,2026-07-20,,true,2026-07-24 19:30:12.63567+07
494,CUST-000416,bronze,STORE-07,example.com,2026-07-20,,true,2026-07-24 19:30:12.63567+07
495,CUST-000417,bronze,STORE-12,example.com,2026-07-20,,true,2026-07-24 19:30:12.63567+07
496,CUST-000418,bronze,STORE-02,example.com,2026-07-20,,true,2026-07-24 19:30:12.63567+07
497,CUST-000419,gold,STORE-15,example.com,2026-07-20,,true,2026-07-24 19:30:12.63567+07
498,CUST-000420,silver,STORE-07,example.com,2026-07-20,,true,2026-07-24 19:30:12.63567+07
499,CUST-000421,bronze,STORE-02,example.com,2026-07-20,,true,2026-07-24 19:30:12.63567+07
500,CUST-000422,silver,STORE-05,example.com,2026-07-20,2026-07-21,false,2026-07-24 19:30:12.63567+07
